{"IcoMoonType":"selection","icons":[{"icon":{"paths":["M960 64l-128 736-446.6 160-385.4-160 39.2-189.6h164l-16 81.2 232.8 88.8 268.2-88.8 37.6-194.2h-666.8l32-164h667.4l21-105.4h-666.8l32.6-164h814.8z"],"attrs":[{}],"isMulticolor":false,"isMulticolor2":false,"grid":0,"tags":["css3"]},"attrs":[{}],"properties":{"order":17,"id":2,"name":"css3","prevSize":32,"code":59648},"setIdx":0,"setId":0,"iconIdx":0},{"icon":{"paths":["M0 64l69.8 791.6 313.2 104.4 315.2-104.4 69.8-791.6h-768zM616.4 319.8h-367.6l8.2 98.8h351.2l-27.2 296.8-195.8 54v0.6h-2.2l-197.4-54.6-12-151.6h95.4l7 76.2 107 29 107.4-29 12-124.4h-333.8l-25.6-291.2h482.2l-8.8 95.4z"],"attrs":[{}],"width":768,"isMulticolor":false,"isMulticolor2":false,"grid":0,"tags":["html5"]},"attrs":[{}],"properties":{"order":18,"id":1,"name":"html5","prevSize":32,"code":59649},"setIdx":0,"setId":0,"iconIdx":1},{"icon":{"paths":["M0 64v896h896v-896h-896zM487.6 762.8c0 87.2-51.2 127-125.8 127-67.4 0-106.4-34.8-126.4-77l68.6-41.4c13.2 23.4 25.2 43.2 54.2 43.2 27.6 0 45.2-10.8 45.2-53v-286.2h84.2v287.4zM686.8 889.8c-78.2 0-128.8-37.2-153.4-86l68.6-39.6c18 29.4 41.6 51.2 83 51.2 34.8 0 57.2-17.4 57.2-41.6 0-28.8-22.8-39-61.4-56l-21-9c-60.8-25.8-101-58.4-101-127 0-63.2 48.2-111.2 123.2-111.2 53.6 0 92 18.6 119.6 67.4l-65.6 42c-14.4-25.8-30-36-54.2-36-24.6 0-40.2 15.6-40.2 36 0 25.2 15.6 35.4 51.8 51.2l21 9c71.6 30.6 111.8 62 111.8 132.4 0 75.6-59.6 117.2-139.4 117.2z"],"attrs":[{}],"width":896,"isMulticolor":false,"isMulticolor2":false,"grid":0,"tags":["js"]},"attrs":[{}],"properties":{"order":19,"id":0,"name":"js","prevSize":32,"code":59650},"setIdx":0,"setId":0,"iconIdx":2}],"height":1024,"metadata":{"name":"icons"},"preferences":{"showGlyphs":true,"showQuickUse":true,"showQuickUse2":true,"showSVGs":true,"fontPref":{"prefix":"_icon-","metadata":{"fontFamily":"icons","majorVersion":1,"minorVersion":0},"metrics":{"emSize":1024,"baseline":6.25,"whitespace":50},"embed":false,"noie8":true,"ie7":false,"showSelector":true},"imagePref":{"prefix":"icon-","png":true,"useClassSelector":true,"color":0,"bgColor":16777215,"classSelector":".icon"},"historySize":50,"showCodes":true,"gridSize":16}}